Optimization;Execution_Time
1;8.632364749908447
2;7.179211378097534
3;7.513173818588257
4;7.2354652881622314
5;6.026290416717529
