Hypervolume;Run
0.5088619322033897;0
1.0085875593220337;1
2.4979850284745764;2
2.4979850284745764;3
2.9634798201129944;4
2.9634798201129944;5
